{
  "Ghana": ["Accra", "Kumasi", "Tamale", "Takoradi", "Cape Coast", "Tema", "Koforidua", "Ho", "Sunyani", "Wa"],
  "United States": ["New York", "Los Angeles", "Chicago", "Houston", "Phoenix", "Philadelphia", "San Antonio", "San Diego", "Dallas", "San Jose"],
  "United Kingdom": ["London", "Birmingham", "Manchester", "Leeds", "Liverpool", "Sheffield", "Bristol", "Newcastle", "Nottingham", "Southampton"],
  "Canada": ["Toronto", "Montreal", "Vancouver", "Calgary", "Edmonton", "Ottawa", "Winnipeg", "Quebec City", "Hamilton", "Kitchener"],
  "Nigeria": ["Lagos", "Abuja", "Kano", "Ibadan", "Port Harcourt", "Benin City", "Kaduna", "Enugu", "Zaria", "Aba"],
  "South Africa": ["Johannesburg", "Cape Town", "Durban", "Pretoria", "Port Elizabeth", "Bloemfontein", "East London", "Pietermaritzburg", "Polokwane", "Nelspruit"],
  "Kenya": ["Nairobi", "Mombasa", "Kisumu", "Nakuru", "Eldoret", "Thika", "Malindi", "Kitale", "Garissa", "Kakamega"],
  "Australia": ["Sydney", "Melbourne", "Brisbane", "Perth", "Adelaide", "Gold Coast", "Canberra", "Newcastle", "Wollongong", "Geelong"],
  "Germany": ["Berlin", "Hamburg", "Munich", "Cologne", "Frankfurt", "Stuttgart", "Düsseldorf", "Dortmund", "Essen", "Leipzig"],
  "France": ["Paris", "Marseille", "Lyon", "Toulouse", "Nice", "Nantes", "Strasbourg", "Montpellier", "Bordeaux", "Lille"],
  "Italy": ["Rome", "Milan", "Naples", "Turin", "Palermo", "Genoa", "Bologna", "Florence", "Bari", "Catania"],
  "Spain": ["Madrid", "Barcelona", "Valencia", "Seville", "Zaragoza", "Málaga", "Murcia", "Palma", "Las Palmas", "Bilbao"],
  "Netherlands": ["Amsterdam", "Rotterdam", "The Hague", "Utrecht", "Eindhoven", "Tilburg", "Groningen", "Almere", "Breda", "Nijmegen"],
  "Belgium": ["Brussels", "Antwerp", "Ghent", "Charleroi", "Liège", "Bruges", "Namur", "Leuven", "Mons", "Aalst"],
  "Sweden": ["Stockholm", "Gothenburg", "Malmö", "Uppsala", "Västerås", "Örebro", "Linköping", "Helsingborg", "Jönköping", "Norrköping"],
  "Norway": ["Oslo", "Bergen", "Trondheim", "Stavanger", "Drammen", "Fredrikstad", "Kristiansand", "Sandnes", "Tromsø", "Sarpsborg"],
  "Denmark": ["Copenhagen", "Aarhus", "Odense", "Aalborg", "Esbjerg", "Randers", "Kolding", "Horsens", "Vejle", "Roskilde"],
  "Finland": ["Helsinki", "Espoo", "Tampere", "Vantaa", "Oulu", "Turku", "Jyväskylä", "Lahti", "Kuopio", "Pori"],
  "Poland": ["Warsaw", "Kraków", "Łódź", "Wrocław", "Poznań", "Gdańsk", "Szczecin", "Bydgoszcz", "Lublin", "Katowice"],
  "Portugal": ["Lisbon", "Porto", "Vila Nova de Gaia", "Amadora", "Braga", "Setúbal", "Coimbra", "Funchal", "Almada", "Aveiro"],
  "Greece": ["Athens", "Thessaloniki", "Patras", "Heraklion", "Larissa", "Volos", "Rhodes", "Ioannina", "Chania", "Chalcis"],
  "Turkey": ["Istanbul", "Ankara", "Izmir", "Bursa", "Adana", "Gaziantep", "Konya", "Antalya", "Kayseri", "Mersin"],
  "Egypt": ["Cairo", "Alexandria", "Giza", "Shubra El Kheima", "Port Said", "Suez", "Luxor", "Mansoura", "Tanta", "Asyut"],
  "Morocco": ["Casablanca", "Rabat", "Fès", "Marrakesh", "Agadir", "Tangier", "Meknès", "Oujda", "Kenitra", "Tétouan"],
  "Ethiopia": ["Addis Ababa", "Dire Dawa", "Mek'ele", "Gondar", "Hawassa", "Bahir Dar", "Dessie", "Jimma", "Jijiga", "Shashamane"],
  "Tanzania": ["Dar es Salaam", "Mwanza", "Arusha", "Dodoma", "Mbeya", "Morogoro", "Tanga", "Kahama", "Tabora", "Zanzibar City"],
  "Uganda": ["Kampala", "Gulu", "Lira", "Mbarara", "Jinja", "Bwizibwera", "Mbale", "Mukono", "Kasese", "Masaka"],
  "Rwanda": ["Kigali", "Butare", "Gitarama", "Ruhengeri", "Gisenyi", "Byumba", "Cyangugu", "Kibungo", "Kibuye", "Rwamagana"],
  "Jamaica": ["Kingston", "Montego Bay", "Spanish Town", "Portmore", "May Pen", "Mandeville", "Old Harbour", "Savanna-la-Mar", "Port Antonio", "Linstead"],
  "Trinidad and Tobago": ["Port of Spain", "San Fernando", "Chaguanas", "Arima", "Point Fortin", "Scarborough", "Princes Town", "Sangre Grande", "Tunapuna", "Diego Martin"],
  "Barbados": ["Bridgetown", "Speightstown", "Oistins", "Holetown", "Bathsheba", "Crane", "Six Cross Roads", "Hillaby", "Blackmans", "Warrens"],
  "India": ["Mumbai", "Delhi", "Bangalore", "Hyderabad", "Chennai", "Kolkata", "Pune", "Ahmedabad", "Jaipur", "Surat"],
  "China": ["Beijing", "Shanghai", "Guangzhou", "Shenzhen", "Chengdu", "Hangzhou", "Wuhan", "Xi'an", "Chongqing", "Tianjin"],
  "Japan": ["Tokyo", "Yokohama", "Osaka", "Nagoya", "Sapporo", "Fukuoka", "Kobe", "Kyoto", "Kawasaki", "Saitama"],
  "South Korea": ["Seoul", "Busan", "Incheon", "Daegu", "Daejeon", "Gwangju", "Suwon", "Ulsan", "Changwon", "Goyang"],
  "Singapore": ["Singapore"],
  "Malaysia": ["Kuala Lumpur", "George Town", "Ipoh", "Shah Alam", "Petaling Jaya", "Johor Bahru", "Malacca City", "Kuching", "Kota Kinabalu", "Seremban"],
  "Indonesia": ["Jakarta", "Surabaya", "Bandung", "Medan", "Semarang", "Makassar", "Palembang", "Tangerang", "Depok", "Bekasi"],
  "Philippines": ["Manila", "Quezon City", "Davao City", "Caloocan", "Cebu City", "Zamboanga City", "Taguig", "Antipolo", "Pasig", "Cagayan de Oro"],
  "Thailand": ["Bangkok", "Nonthaburi", "Pak Kret", "Hat Yai", "Chiang Mai", "Udon Thani", "Nakhon Ratchasima", "Khon Kaen", "Surat Thani", "Phuket"],
  "Vietnam": ["Ho Chi Minh City", "Hanoi", "Hai Phong", "Da Nang", "Bien Hoa", "Hue", "Nha Trang", "Can Tho", "Rach Gia", "Vung Tau"],
  "United Arab Emirates": ["Dubai", "Abu Dhabi", "Sharjah", "Al Ain", "Ajman", "Ras Al Khaimah", "Fujairah", "Umm Al Quwain", "Khor Fakkan", "Dibba Al-Fujairah"],
  "Saudi Arabia": ["Riyadh", "Jeddah", "Mecca", "Medina", "Dammam", "Khobar", "Tabuk", "Buraidah", "Khamis Mushait", "Hofuf"],
  "Qatar": ["Doha", "Al Rayyan", "Umm Salal", "Al Wakrah", "Al Khor", "Madinat ash Shamal", "Dukhan", "Mesaieed", "Al Wukair", "Al Ghuwariyah"],
  "Kuwait": ["Kuwait City", "Hawalli", "Al Ahmadi", "Al Farwaniyah", "Sabah Al Salem", "Al Jahra", "Salmiya", "Fahaheel", "Mangaf", "Jleeb Al-Shuyoukh"],
  "Brazil": ["São Paulo", "Rio de Janeiro", "Brasília", "Salvador", "Fortaleza", "Belo Horizonte", "Manaus", "Curitiba", "Recife", "Porto Alegre"],
  "Argentina": ["Buenos Aires", "Córdoba", "Rosario", "Mendoza", "La Plata", "San Miguel de Tucumán", "Mar del Plata", "Salta", "Santa Fe", "San Juan"],
  "Chile": ["Santiago", "Valparaíso", "Concepción", "La Serena", "Antofagasta", "Temuco", "Rancagua", "Talca", "Arica", "Puerto Montt"],
  "Colombia": ["Bogotá", "Medellín", "Cali", "Barranquilla", "Cartagena", "Cúcuta", "Bucaramanga", "Pereira", "Santa Marta", "Ibagué"],
  "Mexico": ["Mexico City", "Guadalajara", "Monterrey", "Puebla", "Tijuana", "León", "Juárez", "Zapopan", "Mérida", "San Luis Potosí"],
  "Russia": ["Moscow", "Saint Petersburg", "Novosibirsk", "Yekaterinburg", "Nizhny Novgorod", "Kazan", "Chelyabinsk", "Omsk", "Samara", "Rostov-on-Don"],
  "Ukraine": ["Kyiv", "Kharkiv", "Odesa", "Dnipro", "Donetsk", "Zaporizhzhia", "Lviv", "Kryvyi Rih", "Mykolaiv", "Mariupol"],
  "New Zealand": ["Auckland", "Wellington", "Christchurch", "Hamilton", "Tauranga", "Napier", "Dunedin", "Palmerston North", "Nelson", "Rotorua"],
  "Ireland": ["Dublin", "Cork", "Limerick", "Galway", "Waterford", "Drogheda", "Dundalk", "Swords", "Bray", "Navan"],
  "Switzerland": ["Zurich", "Geneva", "Basel", "Lausanne", "Bern", "Winterthur", "Lucerne", "St. Gallen", "Lugano", "Biel/Bienne"],
  "Austria": ["Vienna", "Graz", "Linz", "Salzburg", "Innsbruck", "Klagenfurt", "Villach", "Wels", "Sankt Pölten", "Dornbirn"],
  "Czech Republic": ["Prague", "Brno", "Ostrava", "Plzeň", "Liberec", "Olomouc", "České Budějovice", "Hradec Králové", "Ústí nad Labem", "Pardubice"]
}
